[
  {
    "id": 1,
    "typeId": 3,
    "issuedDate": "2023-01-01",
    "statusId": 1,
    "url": "https://example.com/certificate/1"
  },
  {
    "id": 2,
    "typeId": 2,
    "issuedDate": "2023-01-15",
    "statusId": 2,
    "url": "https://example.com/certificate/2"
  }
,
  {
    "id": 3,
    "typeId": 4,
    "issuedDate": "2022-01-15",
    "statusId": 3,
    "url": "https://example.com/certificate/2"
  }
,
  {
    "id": 4,
    "typeId": 2,
    "issuedDate": "2022-01-15",
    "statusId": 1,
    "url": "https://example.com/certificate/2"
  },{
  "id": 5,
  "typeId": 2,
  "issuedDate": "2022-01-15",
  "statusId": 1,
  "url": "https://example.com/certificate/2"
}
,
  {
    "id": 6,
    "typeId": 1,
    "issuedDate": "2023-01-15",
    "statusId": 2,
    "url": "https://example.com/certificate/2"
  }
,
  {
    "id": 7,
    "typeId": 1,
    "issuedDate": "2023-01-15",
    "statusId": 2,
    "url": "https://example.com/certificate/2"
  }

]
